{"cameraMode":{"drawMode":0,"name":"Shaded","section":"Shading Mode"},"sceneLighting":true,"audioPlay":false,"sceneViewState":{"showFog":true,"showMaterialUpdate":true,"showSkybox":true,"showFlares":true,"showImageEffects":true,"showParticleSystems":true},"in2DMode":false,"pivot":{"x":3.315267562866211,"y":0.51139235496521,"z":10.204217910766602},"rotation":{"x":0.0807124674320221,"y":0.21796397864818574,"z":-0.01809069700539112,"w":0.9724453687667847},"size":28.128705978393556,"orthographic":false}