{"cameraMode":{"drawMode":0,"name":"Shaded","section":"Shading Mode"},"sceneLighting":true,"audioPlay":false,"sceneViewState":{"showFog":true,"showMaterialUpdate":true,"showSkybox":true,"showFlares":true,"showImageEffects":true,"showParticleSystems":true},"in2DMode":false,"pivot":{"x":6.327156066894531,"y":-0.23214435577392579,"z":-3.097060441970825},"rotation":{"x":-0.16995029151439668,"y":-0.7915463447570801,"z":0.2542611062526703,"w":-0.5290771722793579},"size":21.43103790283203,"orthographic":false}