{"cameraMode":{"drawMode":0,"name":"Shaded","section":"Shading Mode"},"sceneLighting":true,"audioPlay":false,"sceneViewState":{"showFog":true,"showMaterialUpdate":true,"showSkybox":true,"showFlares":true,"showImageEffects":true,"showParticleSystems":true},"in2DMode":false,"pivot":{"x":10.9520263671875,"y":2.2923545837402345,"z":9.960125923156739},"rotation":{"x":-0.19027121365070344,"y":-0.6956132054328919,"z":0.19950708746910096,"w":-0.6634125113487244},"size":48.235538482666019,"orthographic":false}